INSERT INTO `roles` (`name`, `status`, `last_modified_date`, `created_at`)
VALUES ('SuperAdmin', 1, NOW(), NOW()),
       ('Admin', 1, NOW(), NOW()),
       ('Moderator', 1, NOW(), NOW());



INSERT INTO `owners` (`id`, `first_name`, `last_name`, `email`, `user_name`, `password`, `id_number`, `phone_number`,
                      `tax_number`, `is_verified`, `verification_code`, `status`, `last_modified_date`, `created_at`)
VALUES ('123456789012', 'John', 'Doe', 'john.doe@example.com', 'john_doe', 'password123', 'ID1234567', '0123456789',
        'TAX12345', TRUE, '123456', 1, NOW(), NOW()),
       ('234567890123', 'Jane', 'Doe', 'jane.doe@example.com', 'jane_doe', 'password123', 'ID2345678', '9876543210',
        'TAX23456', TRUE, '234567', 1, NOW(), NOW()),
       ('345678901234', 'Mike', 'Smith', 'mike.smith@example.com', 'mike_smith', 'password123', 'ID3456789',
        '1230984567', 'TAX34567', TRUE, '345678', 1, NOW(), NOW()),
       ('456789012345', 'Sarah', 'Brown', 'sarah.brown@example.com', 'sarah_brown', 'password123', 'ID4567890',
        '8901234567', 'TAX45678', TRUE, '456789', 1, NOW(), NOW()),
       ('567890123456', 'James', 'Wilson', 'james.wilson@example.com', 'james_wilson', 'password123', 'ID5678901',
        '6789012345', 'TAX56789', TRUE, '567890', 1, NOW(), NOW()),
       ('678901234567', 'Linda', 'Martinez', 'linda.martinez@example.com', 'linda_martinez', 'password123', 'ID6789012',
        '3456789012', 'TAX67890', TRUE, '678901', 1, NOW(), NOW()),
       ('789012345678', 'Robert', 'Garcia', 'robert.garcia@example.com', 'robert_garcia', 'password123', 'ID7890123',
        '9123456780', 'TAX78901', TRUE, '789012', 1, NOW(), NOW()),
       ('890123456789', 'Patricia', 'Anderson', 'patricia.anderson@example.com', 'patricia_anderson', 'password123',
        'ID8901234', '5678901234', 'TAX89012', TRUE, '890123', 1, NOW(), NOW()),
       ('901234567890', 'David', 'Thomas', 'david.thomas@example.com', 'david_thomas', 'password123', 'ID9012345',
        '2345678901', 'TAX90123', TRUE, '901234', 1, NOW(), NOW()),
       ('012345678901', 'Barbara', 'Jackson', 'barbara.jackson@example.com', 'barbara_jackson', 'password123',
        'ID0123456', '7890123456', 'TAX01234', TRUE, '012345', 1, NOW(), NOW());


INSERT INTO `guests` (`id`, `first_name`, `last_name`, `email`, `user_name`, `password`, `id_number`, `phone_number`,
                      `is_verified`, `verification_code`, `status`, `last_modified_date`, `created_at`)
VALUES ('123456789012', 'Alice', 'Johnson', 'alice.johnson@example.com', 'alice_johnson', 'pass123', 'ID1234567',
        '0123456789', TRUE, '123456', 1, NOW(), NOW()),
       ('234567890123', 'Bob', 'Smith', 'bob.smith@example.com', 'bob_smith', 'pass123', 'ID2345678', '9876543210',
        TRUE, '234567', 1, NOW(), NOW()),
       ('345678901234', 'Charlie', 'Davis', 'charlie.davis@example.com', 'charlie_davis', 'pass123', 'ID3456789',
        '1230984567', TRUE, '345678', 1, NOW(), NOW()),
       ('456789012345', 'Diana', 'Miller', 'diana.miller@example.com', 'diana_miller', 'pass123', 'ID4567890',
        '8901234567', TRUE, '456789', 1, NOW(), NOW()),
       ('567890123456', 'Evan', 'Wilson', 'evan.wilson@example.com', 'evan_wilson', 'pass123', 'ID5678901',
        '6789012345', TRUE, '567890', 1, NOW(), NOW()),
       ('678901234567', 'Fiona', 'Brown', 'fiona.brown@example.com', 'fiona_brown', 'pass123', 'ID6789012',
        '3456789012', TRUE, '678901', 1, NOW(), NOW()),
       ('789012345678', 'George', 'Clark', 'george.clark@example.com', 'george_clark', 'pass123', 'ID7890123',
        '9123456780', TRUE, '789012', 1, NOW(), NOW()),
       ('890123456789', 'Hannah', 'Lewis', 'hannah.lewis@example.com', 'hannah_lewis', 'pass123', 'ID8901234',
        '5678901234', TRUE, '890123', 1, NOW(), NOW()),
       ('901234567890', 'Ian', 'Walker', 'ian.walker@example.com', 'ian_walker', 'pass123', 'ID9012345', '2345678901',
        TRUE, '901234', 1, NOW(), NOW()),
       ('012345678901', 'Julia', 'Roberts', 'julia.roberts@example.com', 'julia_roberts', 'pass123', 'ID0123456',
        '7890123456', TRUE, '012345', 1, NOW(), NOW());


INSERT INTO `admins` (`id`, `first_name`, `last_name`, `email`, `user_name`, `password`, `is_verified`,
                      `verification_code`, `status`, `last_modified_date`, `created_at`)
VALUES ('123456789012', 'Alex', 'Taylor', 'alex.taylor@example.com', 'alex_taylor', 'securePass1', TRUE, '654321', 1,
        NOW(), NOW()),
       ('234567890123', 'Jordan', 'Lee', 'jordan.lee@example.com', 'jordan_lee', 'securePass2', TRUE, '543210', 1,
        NOW(), NOW()),
       ('345678901234', 'Casey', 'Kim', 'casey.kim@example.com', 'casey_kim', 'securePass3', TRUE, '432109', 1, NOW(),
        NOW());


INSERT INTO `admin_roles` (`status`, `last_modified_date`, `created_at`, `admin_id`, `role_id`)
VALUES (1, NOW(), NOW(), '123456789012', 1),
       (1, NOW(), NOW(), '123456789012', 2),
       (1, NOW(), NOW(), '123456789012', 3),
       (1, NOW(), NOW(), '234567890123', 2),
       (1, NOW(), NOW(), '234567890123', 3),
       (1, NOW(), NOW(), '345678901234', 3);

INSERT INTO `properties` (`id`, `name`, `description`, `ward_code`, `address_specific`,
                          `location_gps`, `picture`, `refund_percent`,`refund_allowed_days`, `status`, `last_modified_date`, `created_at`, `owner_id`)
VALUES ('1a2b3c4d5e6f', 'Sunset Retreat', 'Description for Sunset Retreat', '00001',
        'Address 1',
        'GPSLocation1', 'demo', 25, 3,1, NOW(), NOW(), '123456789012'),
       ('2b3c4d5e6f7g', 'Mountain Hideaway', 'Description for Mountain Hideaway', '00001',
        'Address 2',
        'GPSLocation2', 'demo', 25, 3, 1, NOW(), NOW(), '234567890123'),
       ('3c4d5e6f7g8h', 'Urban Oasis', 'Description for Urban Oasis', '00004',
        'Address 3', 'GPSLocation3', 'demo', 25, 3, 1, NOW(), NOW(), '345678901234'),
       ('4d5e6f7g8h9i', 'Beachfront Bliss', 'Description for Beachfront Bliss', '00006',
        'Address 4',
        'GPSLocation4', 'demo', 25, 3, 1, NOW(), NOW(), '456789012345'),
       ('3ghd5e6f799h', 'Urban Oasis', 'Description for Urban Oasis', '00004',
        'Address 3', 'GPSLocation3', 'demo', 25, 3, 1, NOW(), NOW(), '345678901234'),
       ('4tyu6f7g8h4o', 'Beachfront Bliss', 'Description for Beachfront Bliss', '00008',
        'Address 4',
        'GPSLocation4', 'demo', 25, 3, 1, NOW(), NOW(), '456789012345'),
       ('5e6f7g8h9i0j', 'Forest Cabin', 'Description for Forest Cabin', '00001', 'Address 5',
        'GPSLocation5', 'demo', 25, 3, 1, NOW(), NOW(), '567890123456'),
       ('6f7g8h9i0j1k', 'Lakeview Loft', 'Description for Lakeview Loft', '00013',
        'Address 6',
        'GPSLocation6', 'demo', 25, 3, 1, NOW(), NOW(), '678901234567'),
       ('7g8h9i0j1k2l', 'Country Cottage', 'Description for Country Cottage', '00016',
        'Address 7', 'GPSLocation7', 'demo', 25, 3, 1, NOW(), NOW(), '789012345678'),
       ('8h9i0j1k2l3m', 'Sky High Penthouse', 'Description for Sky High Penthouse', '00013',
        'Address 8', 'GPSLocation8', 'demo', 25, 3, 1, NOW(), NOW(), '890123456789'),
       ('9i0j1k2l3m4n', 'Tranquil Treehouse', 'Description for Tranquil Treehouse', '00016',
        'Address 9', 'GPSLocation9', 'demo', 25, 3, 1, NOW(), NOW(), '901234567890'),
       ('0j1k2l3m4n5o', 'Historic Manor', 'Description for Historic Manor', '00001',
        'Address 10',
        'GPSLocation10', 'demo', 25, 3, 1, NOW(), NOW(), '012345678901'),
       ('1k2l3m4n5o6p', 'Seaside Villa', 'Description for Seaside Villa', '00004',
        'Address 11',
        'GPSLocation11', 'demo', 25, 3, 1, NOW(), NOW(), '123456789012'),
       ('2l3m4n5o6p7q', 'Cityscape Condo', 'Description for Cityscape Condo', '00001',
        'Address 12',
        'GPSLocation12', 'demo', 25, 3, 1, NOW(), NOW(), '234567890123'),
       ('3m4n5o6p7q8r', 'Riverside Retreat', 'Description for Riverside Retreat', '00019',
        'Address 13',
        'GPSLocation13', 'demo', 25, 3, 1, NOW(), NOW(), '345678901234'),
       ('4n5o6p7q8r9s', 'Mountain View Lodge', 'Description for Mountain View Lodge', '00001',
        'Address 14',
        'GPSLocation14', 'demo', 25, 3, 1, NOW(), NOW(), '456789012345'),
       ('5o6p7q8r9s0t', 'Lakeside Cabin', 'Description for Lakeside Cabin', '00022',
        'Address 15',
        'GPSLocation15', 'demo', 25, 3, 1, NOW(), NOW(), '567890123456'),
       ('6p7q8r9s0t1u', 'Urban Loft', 'Description for Urban Loft', '00006', 'Address 16',
        'GPSLocation16', 'demo', 25, 3, 1, NOW(), NOW(), '678901234567'),
       ('7q8r9s0t1u2v', 'Beach House', 'Description for Beach House', '00004', 'Address 17',
        'GPSLocation17', 'demo', 25, 3, 1, NOW(), NOW(), '789012345678');

INSERT INTO `facilitys` (`name`, `description`, `fee`, `status`, `last_modified_date`, `created_at`)
VALUES ('Gym', 'Fully equipped gym with modern machines', 50.00, 1, NOW(), NOW()),
       ('Swimming Pool', 'Outdoor swimming pool open year-round', 75.00, 1, NOW(), NOW()),
       ('Spa', 'Luxury spa offering a wide range of treatments', 100.00, 1, NOW(), NOW()),
       ('Conference Room', 'Conference room with full AV setup', 200.00, 1, NOW(), NOW()),
       ('Parking', 'Secure underground parking', 25.00, 1, NOW(), NOW());

INSERT INTO `property_facility` (`status`, `last_modified_date`, `created_at`, `property_id`, `facility_id`)
VALUES (1, NOW(), NOW(), '1a2b3c4d5e6f', 1),
       (1, NOW(), NOW(), '1a2b3c4d5e6f', 2),
       (1, NOW(), NOW(), '1a2b3c4d5e6f', 3),
       (1, NOW(), NOW(), '1a2b3c4d5e6f', 4),
       (1, NOW(), NOW(), '1a2b3c4d5e6f', 5),
       (1, NOW(), NOW(), '2b3c4d5e6f7g', 1),
       (1, NOW(), NOW(), '2b3c4d5e6f7g', 2),
       (1, NOW(), NOW(), '2b3c4d5e6f7g', 3),
       (1, NOW(), NOW(), '2b3c4d5e6f7g', 4),
       (1, NOW(), NOW(), '3c4d5e6f7g8h', 1),
       (1, NOW(), NOW(), '3c4d5e6f7g8h', 2),
       (1, NOW(), NOW(), '3c4d5e6f7g8h', 3),
       (1, NOW(), NOW(), '3c4d5e6f7g8h', 4),
       (1, NOW(), NOW(), '4d5e6f7g8h9i', 1),
       (1, NOW(), NOW(), '4d5e6f7g8h9i', 2),
       (1, NOW(), NOW(), '4d5e6f7g8h9i', 3),
       (1, NOW(), NOW(), '4d5e6f7g8h9i', 4),
       (1, NOW(), NOW(), '5e6f7g8h9i0j', 1),
       (1, NOW(), NOW(), '5e6f7g8h9i0j', 2),
       (1, NOW(), NOW(), '5e6f7g8h9i0j', 3),
       (1, NOW(), NOW(), '5e6f7g8h9i0j', 4),
       (1, NOW(), NOW(), '6f7g8h9i0j1k', 1),
       (1, NOW(), NOW(), '6f7g8h9i0j1k', 2),
       (1, NOW(), NOW(), '6f7g8h9i0j1k', 3),
       (1, NOW(), NOW(), '6f7g8h9i0j1k', 4),
       (1, NOW(), NOW(), '7g8h9i0j1k2l', 1);

INSERT INTO `rooms` (`id`, `name`, `price`, `picture`, `description`, `max_guest`, `area`, `floor`, `status`,
                     `last_modified_date`, `created_at`, `property_id`)
VALUES ('001234567890', 'Elegant Suite', 200.00, 'room/demo/room1.jpg', 'A luxurious suite with elegant furnishings', 2, 55.0, 5,
        1, NOW(), NOW(), '1a2b3c4d5e6f'),
       ('002345678901', 'Cozy Cabin', 150.00, 'room/demo/room1.jpg', 'A warm and cozy cabin perfect for a weekend getaway', 4,
        70.0, 1, 1, NOW(), NOW(), '1a2b3c4d5e6f'),
       ('003456789012', 'Urban Studio', 120.00, 'room/demo/room1.jpg', 'A modern studio in the heart of the city', 2, 30.0, 10, 1,
        NOW(), NOW(), '1a2b3c4d5e6f'),
       ('004567890123', 'Beachfront Villa', 300.00, 'room/demo/room1.jpg', 'A stunning villa with direct beach access', 6, 150.0,
        1, 1, NOW(), NOW(), '2b3c4d5e6f7g'),
       ('005678901234', 'Mountain Retreat', 250.00, 'room/demo/room1.jpg', 'A secluded retreat with breathtaking mountain views',
        4, 100.0, 2, 1, NOW(), NOW(), '2b3c4d5e6f7g'),
       ('006789012345', 'Country House', 180.00, 'room/demo/room1.jpg', 'A charming country house surrounded by nature', 5, 80.0,
        1, 1, NOW(), NOW(), '2b3c4d5e6f7g'),
       ('007890123456', 'Penthouse Apartment', 350.00, 'room/demo/room1.jpg', 'A luxurious penthouse with panoramic city views',
        3, 75.0, 20, 1, NOW(), NOW(), '3c4d5e6f7g8h'),
       ('008901234567', 'Garden Bungalow', 130.00, 'room/demo/room1.jpg', 'A cozy bungalow with a private garden', 3, 60.0, 1, 1,
        NOW(), NOW(), '3c4d5e6f7g8h'),
       ('009012345678', 'Lake House', 220.00, 'room/demo/room1.jpg', 'A serene lake house with stunning views', 4, 85.0, 2, 1,
        NOW(), NOW(), '3c4d5e6f7g8h'),
       ('010123456789', 'Forest Lodge', 200.00, 'room/demo/room1.jpg', 'A rustic lodge in the heart of the forest', 5, 90.0, 1, 1,
        NOW(), NOW(), '4d5e6f7g8h9i'),
       ('011234567890', 'Skyline Condo', 250.00, 'room/demo/room1.jpg', 'A modern condo with skyline views', 2, 65.0, 15, 1,
        NOW(), NOW(), '4d5e6f7g8h9i'),
       ('012345678901', 'Seaside Cottage', 180.00, 'room/demo/room1.jpg', 'A charming cottage by the sea', 4, 75.0, 1, 1, NOW(),
        NOW(), '4d5e6f7g8h9i'),
       ('013456789012', 'Mountain Chalet', 300.00, 'room/demo/room1.jpg', 'A cozy chalet with stunning mountain views', 6, 120.0,
        2, 1, NOW(), NOW(), '5e6f7g8h9i0j'),
       ('014567890123', 'Lakefront Cabin', 250.00, 'room/demo/room1.jpg', 'A charming cabin with lakefront views', 4, 100.0, 1,
        1, NOW(), NOW(), '5e6f7g8h9i0j'),
       ('015678901234', 'City View Loft', 200.00, 'room/demo/room1.jpg', 'A modern loft with city views', 2, 50.0, 10, 1, NOW(),
        NOW(), '5e6f7g8h9i0j'),
       ('016789012345', 'Beach House', 350.00, 'room/demo/room1.jpg', 'A stunning beach house with direct beach access', 6, 150.0,
        1, 1, NOW(), NOW(), '6f7g8h9i0j1k'),
       ('017890123456', 'Urban Oasis', 300.00, 'room/demo/room1.jpg', 'A luxurious oasis in the heart of the city', 4, 100.0, 5,
        1, NOW(), NOW(), '6f7g8h9i0j1k'),
       ('018901234567', 'Mountain View Lodge', 250.00, 'room/demo/room1.jpg', 'A cozy lodge with stunning mountain views', 4,
        90.0,
        2, 1, NOW(), NOW(), '6f7g8h9i0j1k'),
       ('019012345678', 'Lakefront Retreat', 200.00, 'room/demo/room1.jpg', 'A serene retreat with lakefront views', 2, 60.0, 1,
        1, NOW(), NOW(), '7g8h9i0j1k2l'),
       ('020123456789', 'Country Cottage', 180.00, 'room/demo/room1.jpg', 'A charming cottage in the countryside', 5, 80.0, 1, 1,
        NOW(), NOW(), '7g8h9i0j1k2l'),
       ('021234567890', 'Sky High Penthouse', 350.00, 'room/demo/room1.jpg', 'A luxurious penthouse with panoramic city views', 3,
        75.0, 20, 1, NOW(), NOW(), '8h9i0j1k2l3m'),
       ('022345678901', 'Garden Bungalow', 130.00, 'room/demo/room1.jpg', 'A cozy bungalow with a private garden', 3, 60.0, 1, 1,
        NOW(), NOW(), '8h9i0j1k2l3m'),
       ('023456789012', 'Lake House', 220.00, 'room/demo/room1.jpg', 'A serene lake house with stunning views', 4, 85.0, 2, 1,
        NOW(), NOW(), '8h9i0j1k2l3m');


INSERT INTO `amenity_categories` (`name`, `status`, `last_modified_date`, `created_at`)
VALUES ('Swimming Pool', 1, NOW(), NOW()),
       ('Gym', 1, NOW(), NOW()),
       ('Spa', 1, NOW(), NOW()),
       ('Parking', 1, NOW(), NOW()),
       ('WiFi', 1, NOW(), NOW()),
       ('Pet Friendly', 1, NOW(), NOW()),
       ('Restaurant', 1, NOW(), NOW()),
       ('24/7 Reception', 1, NOW(), NOW()),
       ('Air Conditioning', 1, NOW(), NOW()),
       ('Laundry Service', 1, NOW(), NOW());

INSERT INTO `amenities` (`name`, `status`, `last_modified_date`, `created_at`, `amenity_category_id`)
VALUES ('Infinity Pool', 1, NOW(), NOW(), 1),
       ('Gym 24/7', 1, NOW(), NOW(), 2),
       ('Luxury Spa', 1, NOW(), NOW(), 3),
       ('Underground Parking', 1, NOW(), NOW(), 4),
       ('High-Speed WiFi', 1, NOW(), NOW(), 5),
       ('Dog Park', 1, NOW(), NOW(), 6),
       ('Italian Restaurant', 1, NOW(), NOW(), 7),
       ('Round-the-Clock Reception', 1, NOW(), NOW(), 8),
       ('Central Air Conditioning', 1, NOW(), NOW(), 9),
       ('Dry Cleaning Service', 1, NOW(), NOW(), 10),
       ('Rooftop Pool', 1, NOW(), NOW(), 1),
       ('State-of-the-Art Gym', 1, NOW(), NOW(), 2),
       ('Wellness Spa', 1, NOW(), NOW(), 3),
       ('Reserved Parking', 1, NOW(), NOW(), 4),
       ('Guest WiFi', 1, NOW(), NOW(), 5),
       ('Pet Grooming Station', 1, NOW(), NOW(), 6),
       ('French Bistro', 1, NOW(), NOW(), 7),
       ('24/7 Security Desk', 1, NOW(), NOW(), 8),
       ('Smart Home Air Conditioning', 1, NOW(), NOW(), 9),
       ('Laundromat', 1, NOW(), NOW(), 10),
       ('Lap Pool', 1, NOW(), NOW(), 1),
       ('Outdoor Fitness Area', 1, NOW(), NOW(), 2),
       ('Day Spa', 1, NOW(), NOW(), 3),
       ('Valet Parking', 1, NOW(), NOW(), 4),
       ('WiFi in Common Areas', 1, NOW(), NOW(), 5),
       ('Pet Sitting Services', 1, NOW(), NOW(), 6),
       ('Rooftop Bar', 1, NOW(), NOW(), 7),
       ('Concierge Services', 1, NOW(), NOW(), 8),
       ('Energy-Efficient Air Conditioning', 1, NOW(), NOW(), 9),
       ('Self-Service Laundry', 1, NOW(), NOW(), 10);


INSERT INTO `amenity_lists` (`status`, `last_modified_date`, `created_at`, `room_id`, `amenity_id`)
VALUES (1, NOW(), NOW(), '001234567890', 1),
       (1, NOW(), NOW(), '001234567890', 2),
       (1, NOW(), NOW(), '001234567890', 3),
       (1, NOW(), NOW(), '002345678901', 4),
       (1, NOW(), NOW(), '002345678901', 5),
       (1, NOW(), NOW(), '002345678901', 6),
       (1, NOW(), NOW(), '003456789012', 7),
       (1, NOW(), NOW(), '003456789012', 8),
       (1, NOW(), NOW(), '003456789012', 9),
       (1, NOW(), NOW(), '004567890123', 10),
       (1, NOW(), NOW(), '004567890123', 11),
       (1, NOW(), NOW(), '004567890123', 12),
       (1, NOW(), NOW(), '005678901234', 13),
       (1, NOW(), NOW(), '005678901234', 14),
       (1, NOW(), NOW(), '005678901234', 15),
       (1, NOW(), NOW(), '006789012345', 16),
       (1, NOW(), NOW(), '006789012345', 17),
       (1, NOW(), NOW(), '006789012345', 18),
       (1, NOW(), NOW(), '007890123456', 19),
       (1, NOW(), NOW(), '007890123456', 20),
       (1, NOW(), NOW(), '007890123456', 21),
       (1, NOW(), NOW(), '008901234567', 22),
       (1, NOW(), NOW(), '008901234567', 23),
       (1, NOW(), NOW(), '008901234567', 24),
       (1, NOW(), NOW(), '009012345678', 25),
       (1, NOW(), NOW(), '009012345678', 26),
       (1, NOW(), NOW(), '009012345678', 27),
       (1, NOW(), NOW(), '010123456789', 28),
       (1, NOW(), NOW(), '010123456789', 29),
       (1, NOW(), NOW(), '010123456789', 30);


INSERT INTO `room_attributes` (`name`, `status`, `last_modified_date`, `created_at`)
VALUES ('Style Room', 1, NOW(), NOW()),
       ('Pool', 1, NOW(), NOW()),
       ('Garden', 1, NOW(), NOW()),
       ('Balcony', 1, NOW(), NOW()),
       ('Terrace', 1, NOW(), NOW()),
       ('View', 1, NOW(), NOW());

INSERT INTO `room_attribute_data` (`value`, `status`, `last_modified_date`, `created_at`, `room_attribute_id`)
VALUES ('Vina', 1, NOW(), NOW(), 1),
       ('Home Stay', 1, NOW(), NOW(), 1),
       ('Department', 1, NOW(), NOW(), 1),
       ('Villa', 1, NOW(), NOW(), 1),
       ('Resort', 1, NOW(), NOW(), 1),
       ('Yes', 1, NOW(), NOW(), 2),
       ('No', 1, NOW(), NOW(), 2),
       ('Yes', 1, NOW(), NOW(), 3),
       ('No', 1, NOW(), NOW(), 3),
       ('Yes', 1, NOW(), NOW(), 4),
       ('No', 1, NOW(), NOW(), 4),
       ('Yes', 1, NOW(), NOW(), 5),
       ('No', 1, NOW(), NOW(), 5);


INSERT INTO `room_attribute_values` (`status`, `last_modified_date`, `created_at`, `room_id`, `room_attribute_id`,
                                     `room_attribute_data_id`)
VALUES (1, NOW(), NOW(), '001234567890', 1, 1),
       (1, NOW(), NOW(), '002345678901', 2, 6),
       (1, NOW(), NOW(), '003456789012', 3, 7),
       (1, NOW(), NOW(), '004567890123', 4, 8),
       (1, NOW(), NOW(), '005678901234', 5, 9),
       (1, NOW(), NOW(), '006789012345', 1, 2),
       (1, NOW(), NOW(), '007890123456', 2, 10),
       (1, NOW(), NOW(), '008901234567', 3, 3),
       (1, NOW(), NOW(), '009012345678', 4, 4),
       (1, NOW(), NOW(), '010123456789', 5, 5);

INSERT INTO `bed_types` (`name`, `description`, `status`, `last_modified_date`, `created_at`)
VALUES ('Single', 'A single bed for one person', 1, NOW(), NOW()),
       ('Double', 'A double bed for two people', 1, NOW(), NOW()),
       ('Queen', 'A queen-sized bed for more space and comfort', 1, NOW(), NOW()),
       ('King', 'A king-sized bed offering maximum space and comfort', 1, NOW(), NOW()),
       ('Twin', 'Two single beds in one room for separate sleepers', 1, NOW(), NOW());
INSERT INTO `bedroom_details` (`quantity`, `status`, `last_modified_date`, `created_at`, `bed_type_id`)
VALUES (1, 1, NOW(), NOW(), 1),
       (2, 1, NOW(), NOW(), 2),
       (1, 1, NOW(), NOW(), 3),
       (1, 1, NOW(), NOW(), 4),
       (2, 1, NOW(), NOW(), 5),
       (2, 1, NOW(), NOW(), 1),
       (1, 1, NOW(), NOW(), 2),
       (2, 1, NOW(), NOW(), 3),
       (2, 1, NOW(), NOW(), 4),
       (1, 1, NOW(), NOW(), 5),
       (2, 1, NOW(), NOW(), 1),
       (1, 1, NOW(), NOW(), 2),
       (1, 1, NOW(), NOW(), 3),
       (2, 1, NOW(), NOW(), 4),
       (1, 1, NOW(), NOW(), 5),
       (2, 1, NOW(), NOW(), 1),
       (1, 1, NOW(), NOW(), 2),
       (2, 1, NOW(), NOW(), 3),
       (1, 1, NOW(), NOW(), 4),
       (1, 1, NOW(), NOW(), 5);
INSERT INTO `bedrooms` (`status`, `last_modified_date`, `created_at`, `room_id`, `bedroom_detail_id`)
VALUES (1, NOW(), NOW(), '001234567890', 1),
       (1, NOW(), NOW(), '002345678901', 2),
       (1, NOW(), NOW(), '003456789012', 3),
       (1, NOW(), NOW(), '004567890123', 4),
       (1, NOW(), NOW(), '005678901234', 5),
       (1, NOW(), NOW(), '006789012345', 6),
       (1, NOW(), NOW(), '007890123456', 7),
       (1, NOW(), NOW(), '008901234567', 8),
       (1, NOW(), NOW(), '009012345678', 9),
       (1, NOW(), NOW(), '010123456789', 10),
       (1, NOW(), NOW(), '011234567890', 11),
       (1, NOW(), NOW(), '012345678901', 12),
       (1, NOW(), NOW(), '013456789012', 13),
       (1, NOW(), NOW(), '014567890123', 14),
       (1, NOW(), NOW(), '015678901234', 15),
       (1, NOW(), NOW(), '016789012345', 16),
       (1, NOW(), NOW(), '017890123456', 17),
       (1, NOW(), NOW(), '018901234567', 18),
       (1, NOW(), NOW(), '019012345678', 19),
       (1, NOW(), NOW(), '020123456789', 20);

INSERT INTO `reservations` (`id`, `check_in_date`, `check_out_date`, `status`, `last_modified_date`, `created_at`,
                            `room_id`, `guest_id`)
VALUES ('R00123456789', '2023-01-01', '2023-01-05', 1, NOW(), NOW(), '001234567890', '123456789012'),
       ('R00234567890', '2023-02-01', '2023-02-05', 1, NOW(), NOW(), '002345678901', '234567890123'),
       ('R00345678901', '2023-03-01', '2023-03-05', 1, NOW(), NOW(), '003456789012', '345678901234'),
       ('R00456789012', '2023-04-01', '2023-04-05', 1, NOW(), NOW(),
        '004567890123', '456789012345'),
       ('R00567890123', '2023-05-01', '2023-05-05', 1, NOW(), NOW(), '005678901234', '567890123456'),
       ('R00678901234', '2023-06-01', '2023-06-05', 1, NOW(), NOW(), '006789012345', '678901234567'),
       ('R00789012345', '2023-07-01', '2023-07-05', 1, NOW(), NOW(), '007890123456', '789012345678'),
       ('R00890123456', '2023-08-01', '2023-08-05', 1, NOW(), NOW(), '008901234567', '890123456789'),
       ('R00901234567', '2023-09-01', '2023-09-05', 1, NOW(), NOW(), '009012345678', '901234567890'),
       ('R01012345678', '2023-10-01', '2023-10-05', 1, NOW(), NOW(), '010123456789', '012345678901'),
       ('R01123456789', '2023-11-01', '2023-11-05', 1, NOW(), NOW(), '011234567890', '123456789012'),
       ('R01234567890', '2023-12-01', '2023-12-05', 1, NOW(), NOW(), '012345678901', '234567890123'),
       ('R01345678901', '2024-01-01', '2024-01-05', 1, NOW(), NOW(), '013456789012', '345678901234'),
       ('R01456789012', '2024-02-01', '2024-02-05', 1, NOW(), NOW(), '014567890123', '456789012345');

INSERT INTO `comments` (`content`, `rating`, `reservation_id`, `status`, `last_modified_date`, `created_at`)
VALUES ('Great experience', 10, 'R00123456789', 1, NOW(), NOW()),
       ('Very comfortable', 9, 'R00234567890', 1, NOW(), NOW()),
       ('Could be better', 8, 'R00345678901', 1, NOW(), NOW()),
       ('Loved the amenities', 10, 'R00456789012', 1, NOW(), NOW()),
       ('Perfect for families', 10, 'R00567890123', 1, NOW(), NOW()),
       ('Not as expected', 7, 'R00678901234', 1, NOW(), NOW()),
       ('Wonderful stay', 10, 'R00789012345', 1, NOW(), NOW()),
       ('Great location', 9, 'R00890123456', 1, NOW(), NOW()),
       ('Friendly staff', 10, 'R00901234567', 1, NOW(), NOW()),
       ('Too expensive', 8, 'R01012345678', 1, NOW(), NOW()),
       ('Highly recommended', 10, 'R01123456789', 1, NOW(), NOW()),
       ('Average experience', 8, 'R01234567890', 1, NOW(), NOW()),
       ('Exceptional service', 10, 'R01345678901', 1, NOW(), NOW()),
       ('Room was clean', 9, 'R01456789012', 1, NOW(), NOW()),
       ('Will visit again', 10, 'R00123456789', 1, NOW(), NOW()),
       ('Enjoyed the breakfast', 9, 'R00234567890', 1, NOW(), NOW()),
       ('Quiet and peaceful', 10, 'R00345678901', 1, NOW(), NOW()),
       ('Needs maintenance', 7, 'R00456789012', 1, NOW(), NOW()),
       ('Spacious rooms', 9, 'R00567890123', 1, NOW(), NOW()),
       ('Great for weekend stay', 9, 'R00678901234', 1, NOW(), NOW()),
       ('Lacking amenities', 8, 'R00789012345', 1, NOW(), NOW()),
       ('Convenient location', 9, 'R00890123456', 1, NOW(), NOW()),
       ('Pleasantly surprised', 10, 'R00901234567', 1, NOW(), NOW()),
       ('Overpriced for the quality', 7, 'R01012345678', 1, NOW(), NOW()),
       ('Memorable stay', 10, 'R01123456789', 1, NOW(), NOW()),
       ('Just okay', 8, 'R01234567890', 1, NOW(), NOW()),
       ('Fantastic view', 10, 'R01345678901', 1, NOW(), NOW()),
       ('Comfortable bed', 9, 'R01456789012', 1, NOW(), NOW()),
       ('Excellent customer service', 10, 'R00123456789', 1, NOW(), NOW()),
       ('Good value for money', 9, 'R00234567890', 1, NOW(), NOW()),
       ('Would not recommend', 1, 'R00345678901', 1, NOW(), NOW()),
       ('Amazing location', 10, 'R00456789012', 1, NOW(), NOW()),
       ('Clean and tidy', 9, 'R00567890123', 1, NOW(), NOW()),
       ('Great for business trips', 9, 'R00678901234', 1, NOW(), NOW()),
       ('Disappointing stay', 7, 'R00789012345', 1, NOW(), NOW()),
       ('Friendly and helpful staff', 10, 'R00890123456', 1, NOW(), NOW()),
       ('Beautiful property', 10, 'R00901234567', 1, NOW(), NOW()),
       ('Not worth the price', 7, 'R01012345678', 1, NOW(), NOW()),
       ('Highly satisfied', 10, 'R01123456789', 1, NOW(), NOW()),
       ('Average service', 8, 'R01234567890', 1, NOW(), NOW()),
       ('Unforgettable experience', 10, 'R01345678901', 1, NOW(), NOW()),
       ('Cozy and comfortable', 9, 'R01456789012', 1, NOW(), NOW());

INSERT INTO `invoices` (`number`, `total_price`, `status`, `last_modified_date`, `created_at`, `reservation_id`)
VALUES ('INV123456789', 500.00, 1, NOW(), NOW(), 'R00123456789'),
       ('INV234567890', 450.00, 1, NOW(), NOW(), 'R00234567890'),
       ('INV345678901', 300.00, 1, NOW(), NOW(), 'R00345678901'),
       ('INV456789012', 750.00, 1, NOW(), NOW(), 'R00456789012'),
       ('INV567890123', 600.00, 1, NOW(), NOW(), 'R00567890123'),
       ('INV678901234', 350.00, 1, NOW(), NOW(), 'R00678901234'),
       ('INV789012345', 800.00, 1, NOW(), NOW(), 'R00789012345'),
       ('INV890123456', 550.00, 1, NOW(), NOW(), 'R00890123456'),
       ('INV901234567', 400.00, 1, NOW(), NOW(), 'R00901234567'),
       ('INV012345678', 650.00, 1, NOW(), NOW(), 'R01012345678'),
       ('INV123450678', 500.00, 1, NOW(), NOW(), 'R01123456789');


INSERT INTO `property_common_rules` (`id`, `check_in_time`, `check_out_time`, `quiet_time_from`, `quiet_time_to`, `minimum_allowed_age`, `is_smoking_allowed`, `is_pet_allowed`, `is_party_allowed`, `status`, `last_modified_date`, `created_at`, `property_id`)
VALUES
    ('PCR001', '05:00:00', '23:00:00', '22:00:00', '5:30:00', 18, true, false, true, 1, NOW(), NOW(), '1a2b3c4d5e6f'),
    ('PCR002', '05:00:00', '23:00:00', '22:00:00', '5:30:00', 18, false, true, true, 1, NOW(), NOW(), '2b3c4d5e6f7g'),
    ('PCR003', '05:00:00', '23:00:00', '22:00:00', '5:30:00', 18, true, false, false, 1, NOW(), NOW(), '3c4d5e6f7g8h'),
    ('PCR004', '05:00:00', '23:00:00', '22:00:00', '5:30:00', 18, false, true, true, 1, NOW(), NOW(), '4d5e6f7g8h9i'),
    ('PCR005', '05:00:00', '23:00:00', '22:00:00', '5:30:00', 18, true, false, false, 1, NOW(), NOW(), '5e6f7g8h9i0j'),
    ('PCR006', '05:00:00', '23:00:00', '22:00:00', '5:30:00', 18, false, true, true, 1, NOW(), NOW(), '6f7g8h9i0j1k'),
    ('PCR007', '05:00:00', '23:00:00', '22:00:00', '5:30:00', 18, true, false, false, 1, NOW(), NOW(), '7g8h9i0j1k2l'),
    ('PCR008', '05:00:00', '23:00:00', '22:00:00', '5:30:00', 18, false, true, true, 1, NOW(), NOW(), '8h9i0j1k2l3m'),
    ('PCR009', '05:00:00', '23:00:00', '22:00:00', '5:30:00', 18, true, false, false, 1, NOW(), NOW(), '9i0j1k2l3m4n'),
    ('PCR010', '05:00:00', '23:00:00', '22:00:00', '5:30:00', 18, false, true, false, 1, NOW(), NOW(), '0j1k2l3m4n5o'),
    ('PCR011', '05:00:00', '23:00:00', '22:00:00', '5:30:00', 18, true, false, true, 1, NOW(), NOW(), '1k2l3m4n5o6p'),
    ('PCR012', '05:00:00', '23:00:00', '22:00:00', '5:30:00', 18, false, false, false, 1, NOW(), NOW(), '2l3m4n5o6p7q'),
    ('PCR013', '05:00:00', '23:00:00', '22:00:00', '5:30:00', 18, true, true, false, 1, NOW(), NOW(), '3m4n5o6p7q8r'),
    ('PCR014', '05:00:00', '23:00:00', '22:00:00', '5:30:00', 18, false, false, true, 1, NOW(), NOW(), '4n5o6p7q8r9s'),
    ('PCR015', '05:00:00', '23:00:00', '22:00:00', '5:30:00', 18, true, true, false, 1, NOW(), NOW(), '5o6p7q8r9s0t'),
    ('PCR016', '05:00:00', '23:00:00', '22:00:00', '5:30:00', 18, false, false, false, 1, NOW(), NOW(), '6p7q8r9s0t1u'),
    ('PCR017', '05:00:00', '23:00:00', '22:00:00', '5:30:00', 18, true, true, true, 1, NOW(), NOW(), '7q8r9s0t1u2v');